<?xml version="1.0" encoding="UTF-8"?>
<NFe xmlns="http://www.portalfiscal.inf.br/nfe">
  <infNFe versao="4.00" Id="NFe12345678901234567890123456789012345678901234">
    <ide>
      <cUF>35</cUF>
      <dhEmi>2025-10-15T14:00:00-03:00</dhEmi>
      <natOp>Venda de mercadoria</natOp>
    </ide>
    <emit>
      <CNPJ>12345678000123</CNPJ>
      <xNome>Empresa Exemplo LTDA</xNome>
      <enderEmit>
        <UF>SP</UF>
      </enderEmit>
    </emit>
    <dest>
      <CNPJ>98765432000198</CNPJ>
      <xNome>Cliente Exemplo SA</xNome>
    </dest>
    <total>
      <ICMSTot>
        <vNF>1500.00</vNF>
      </ICMSTot>
    </total>
  </infNFe>
</NFe>